,date,close,volume,label,bb_normalized,obv_norm
0,2019-10-29,60.82,142839472.0,0,0.0,0.0
1,2019-10-30,60.81,124522088.0,0,0.0,0.0
2,2019-10-31,62.19,139162080.0,0,0.0,0.0
3,2019-11-01,63.95,151125344.0,0,0.0,0.0
4,2019-11-04,64.38,103271808.0,-1,0.0,-1.0
5,2019-11-05,64.28,79897712.0,1,0.0,-0.29255025475573065
6,2019-11-06,64.31,75864496.0,1,0.0,0.691896773426136
7,2019-11-07,64.86,94940336.0,1,0.0,1.5528777568261398
8,2019-11-08,65.03,70081984.0,-1,0.0,1.1036895302507417
9,2019-11-11,65.55,82029840.0,1,0.0,1.942934327313085
10,2019-11-12,65.49,87388904.0,1,0.0,2.8237852256391727
11,2019-11-13,66.12,103270368.0,1,0.0,3.3895285819064767
12,2019-11-14,65.66,89582224.0,1,0.0,4.907447799018698
13,2019-11-15,66.44,100374664.0,-1,0.0,3.3797913784299194
14,2019-11-18,66.78,86803584.0,1,0.0,4.90819604867928
15,2019-11-19,66.57,76278384.0,-1,0.0,4.585448795034777
16,2019-11-20,65.8,106439680.0,1,0.0,4.286092404637068
17,2019-11-21,65.5,121395112.0,1,0.0,4.758061560172209
18,2019-11-22,65.44,65325052.0,-1,0.0,7.84201999563659
19,2019-11-25,66.59,84118064.0,-1,0.0,5.090016099276845
20,2019-11-26,66.07,105339528.0,-1,0.6679275816572164,3.064592922801021
21,2019-11-27,66.96,65544488.0,-1,0.8439750749596227,3.9252466813075113
22,2019-11-29,66.81,46617452.0,1,0.8260075160587685,6.518926345438185
23,2019-12-02,66.04,94774200.0,-1,0.5930450399785148,2.2065238851923836
24,2019-12-03,64.86,117509072.0,1,0.21532882281814206,2.7796203513546596
25,2019-12-04,65.44,67241552.0,-1,0.3689383337347398,3.857570925787079
26,2019-12-05,66.39,74645376.0,-1,0.6842562119579977,2.4749514290074712
27,2019-12-06,67.68,106189968.0,-1,1.0809003432195525,0.7397470164036588
28,2019-12-09,66.73,128730576.0,1,0.718254948882891,1.6102179796041618
29,2019-12-10,67.12,90529536.0,1,0.8262102219490974,3.2896868487208417
30,2019-12-11,67.69,78893568.0,1,0.9614476173502652,4.774880912978863
31,2019-12-12,67.86,137748160.0,-1,0.9475105645750306,1.7347544388251719
32,2019-12-13,68.79,133731224.0,1,1.091927827967432,2.786861922388447
33,2019-12-16,69.97,128324416.0,1,1.1755550862035105,3.90428328152298
34,2019-12-17,70.1,114303192.0,1,1.069513249510387,5.383209805724411
35,2019-12-18,69.94,116098752.0,1,0.9630454535798352,6.299954163159308
36,2019-12-19,70.0,98507792.0,1,0.9135671215175009,8.424964067817092
37,2019-12-20,69.86,276130976.0,1,0.8510286043951409,4.005546932916356
38,2019-12-23,71.0,98711536.0,-1,0.9552237191105775,10.204927294414707
39,2019-12-24,71.07,48478856.0,1,0.9070366058806036,21.779039175346877
40,2019-12-26,72.48,93336016.0,-1,1.0042546653543865,10.31206311612872
41,2019-12-27,72.45,146371744.0,1,0.9337535654204683,7.575633122196043
42,2019-12-30,72.88,144238464.0,1,0.9207498464835153,8.687676374590344
43,2019-12-31,73.41,100990496.0,1,0.9208105778872615,13.408069527651394
44,2020-01-02,75.09,135647456.0,-1,1.021146480765684,8.982403149529025
45,2020-01-03,74.36,146535520.0,1,0.9087695673242574,9.314981487082449
46,2020-01-06,74.95,118578576.0,1,0.9188880754132036,12.511148995413809
47,2020-01-07,74.6,111510624.0,1,0.8453720652504468,14.304151468114823
48,2020-01-08,75.8,132363784.0,-1,0.9167558701133778,11.050613905084491
49,2020-01-09,77.41,170486176.0,1,1.0020648843501903,9.579587543801791
50,2020-01-10,77.58,140869088.0,-1,0.9596649948025567,10.59365245553375
51,2020-01-13,79.24,122086888.0,1,1.0281580735013918,13.223410592626458
52,2020-01-14,78.17,162613824.0,1,0.8926734086869916,10.927846281998756
53,2020-01-15,77.83,121923528.0,1,0.8280857792044045,15.574864270659884
54,2020-01-16,78.81,108829016.0,1,0.8678546550716308,18.448861248547907
55,2020-01-17,79.68,137816464.0,-1,0.8948483478551752,13.568443839917414
56,2020-01-21,79.14,110843256.0,-1,0.8213901031492197,15.87026364508816
57,2020-01-22,79.42,101832464.0,1,0.8204322413687392,18.27456674327354
58,2020-01-23,79.81,104471968.0,1,0.8265148511108606,18.812856363536675
59,2020-01-24,79.58,146537520.0,-1,0.7851568616961841,12.412374714680581
60,2020-01-27,77.24,161940016.0,1,0.5382572512680648,12.231804546690919
61,2020-01-28,79.42,162233952.0,1,0.7460442408772239,13.209642923572495
62,2020-01-29,81.08,216599712.0,-1,0.9008679494411228,8.89406936976906
63,2020-01-30,80.97,126743232.0,-1,0.8633595929635375,14.199650771096007
64,2020-01-31,77.38,199588384.0,1,0.4037702492343652,10.017106085692843
65,2020-02-03,77.17,173985600.0,1,0.3433559345382096,12.491169476094573
66,2020-02-04,79.71,136616544.0,-1,0.6892208290967683,14.90790948422762
67,2020-02-05,80.36,118826872.0,-1,0.7865910361766115,16.139785283584676
68,2020-02-06,81.3,105425536.0,-1,0.9326283314448197,17.191419961099367
69,2020-02-07,80.01,117684048.0,1,0.6631915033586362,16.400682546202013
70,2020-02-10,80.39,109348864.0,1,0.716692210952014,18.65083459851947
71,2020-02-11,79.9,94323120.0,1,0.6086924247445037,22.62192658597383
72,2020-02-12,81.8,113730288.0,-1,0.9332926673072265,17.761674955048033
73,2020-02-13,81.22,94747568.0,1,0.7922013952539843,22.3202349214916
74,2020-02-14,81.24,80113792.0,-1,0.7676492611961672,25.39730217738289
75,2020-02-18,79.75,152762176.0,1,0.4819160252943555,14.319227555386485
76,2020-02-19,80.91,93983968.0,-1,0.6856563248141737,22.274569126513153
77,2020-02-20,80.08,100565952.0,1,0.5217459448196321,21.81671132591675
78,2020-02-21,78.26,129705664.0,-1,0.2011553510602035,15.915362647540203
79,2020-02-24,74.55,222195312.0,1,-0.2094999980220401,10.290532106275942
80,2020-02-25,72.02,230673456.0,-1,-0.2663535179354434,8.91231514734838
81,2020-02-26,73.16,198713728.0,-1,-0.03558178347352295,9.345709663300163
82,2020-02-27,68.38,320605536.0,-1,-0.2051064246058951,4.792541299099714
83,2020-02-28,68.34,426884928.0,-1,-0.07240046862850386,2.599366412861501
84,2020-03-02,74.7,341397344.0,1,0.3230138373978128,4.250260623000043
85,2020-03-03,72.33,319475392.0,-1,0.20697662515267495,3.541907528201734
86,2020-03-04,75.69,219178272.0,-1,0.41159902245969576,4.162702879599307
87,2020-03-05,73.23,187572880.0,1,0.291000755709951,5.864104149810996
88,2020-03-06,72.26,226176992.0,-1,0.26037972193966075,3.8632130716461206
89,2020-03-09,66.54,286744832.0,1,0.015534493555514966,4.047203696420935
90,2020-03-10,71.33,285290080.0,-1,0.2902247574143052,3.0678412092001235
91,2020-03-11,68.86,256379872.0,-1,0.19323509594911328,2.4137807198842816
92,2020-03-12,62.06,418474080.0,-1,-0.0574681791438778,0.47881271881880955
93,2020-03-13,69.49,370732128.0,1,0.31738888412486643,1.5404730177579862
94,2020-03-16,60.55,322423456.0,-1,-0.03878148373508684,0.7712819255929072
95,2020-03-17,63.22,324055872.0,-1,0.12639140291542408,-0.2326033703225103
96,2020-03-18,61.67,300233632.0,1,0.09280476385266981,0.7489405583982011
97,2020-03-19,61.2,271857024.0,-1,0.10471198214432649,-0.17288455272724534
98,2020-03-20,57.31,401693376.0,1,-0.011273027027359658,0.882995630976001
99,2020-03-23,56.09,336752832.0,-1,0.013046115976282163,0.05327546584671335
100,2020-03-24,61.72,287531104.0,-1,0.27810857836800007,-0.9376044408746819
101,2020-03-25,61.38,303602048.0,-1,0.28632226993993787,-1.8879730613674912
102,2020-03-26,64.61,252560672.0,-1,0.43416185452529193,-3.2695239265122007
103,2020-03-27,61.94,204216608.0,1,0.33362697990429463,-3.043516186499386
104,2020-03-30,63.7,167976448.0,-1,0.4285637703954284,-4.7001410578702085
105,2020-03-31,63.57,197002000.0,1,0.44005259085041964,-3.0076395163500877
106,2020-04-01,60.23,176218560.0,-1,0.29541565670795544,-4.362364327571398
107,2020-04-02,61.23,165933968.0,1,0.3677850226168569,-3.6327437911928917
108,2020-04-03,60.35,129880064.0,-1,0.3317806230704806,-5.641171042231701
109,2020-04-06,65.62,201820288.0,-1,0.6912031920246431,-4.630336985744466
110,2020-04-07,64.86,202887328.0,1,0.6878586110227434,-3.6059847759442127
111,2020-04-08,66.52,168895280.0,-1,0.8505919134277807,-5.3317291993003
112,2020-04-09,67.0,162116496.0,1,0.8506618050456627,-4.5546715986262125
113,2020-04-13,68.31,131022928.0,-1,0.9786865223153717,-6.635558686339234
114,2020-04-14,71.76,194994688.0,1,1.1050817660040373,-3.458635960380623
115,2020-04-15,71.11,131154560.0,1,0.978064777084455,-4.14214404745058
116,2020-04-16,71.67,157125152.0,1,0.942772676805884,-2.4575055176398495
117,2020-04-17,70.7,215249920.0,1,0.8446617355836242,-0.7938958026093575
118,2020-04-20,69.23,130015000.0,-1,0.741040038503047,-2.31435609737338
119,2020-04-21,67.09,180991568.0,1,0.5962354459690132,-0.6625139575562989
120,2020-04-22,69.03,117057368.0,-1,0.7022806197479505,-2.0243647371261586
121,2020-04-23,68.76,124814328.0,-1,0.6645483632311009,-2.898554531335537
122,2020-04-24,70.74,126508736.0,-1,0.7723055004275711,-3.859732437766195
123,2020-04-27,70.79,117087568.0,1,0.7502580394909124,-3.1702964741739277
124,2020-04-28,69.64,112004752.0,-1,0.6537789859598149,-4.314165670399413
125,2020-04-29,71.93,137280816.0,1,0.7817321241810044,-2.51984399626529
126,2020-04-30,73.45,183063872.0,1,0.8656527756148732,-0.88964778369814
127,2020-05-01,72.27,240616704.0,-1,0.7649887033551321,-1.676853956074471
128,2020-05-04,73.29,133567944.0,1,0.8680620187642831,-2.020777739904419
129,2020-05-05,74.39,147751184.0,1,0.9325934316454281,-0.8267950258862223
130,2020-05-06,75.16,142333760.0,-1,0.973771886815478,-1.8582640126980416
131,2020-05-07,75.94,115215056.0,1,0.9920066102474319,-1.2956522626695595
132,2020-05-08,77.53,134047936.0,1,1.0585324162414464,-0.11362138392045067
133,2020-05-11,78.75,145946240.0,1,1.0599472979963431,0.8956416280405717
134,2020-05-12,77.85,162301056.0,1,0.9220698057713496,1.8053892637642481
135,2020-05-13,76.91,200622560.0,1,0.8133841107316229,2.460536561790459
136,2020-05-14,77.39,158929072.0,1,0.8149155279652736,4.106034269173861
137,2020-05-15,76.93,166348384.0,-1,0.7549557891761594,2.9229008440502793
138,2020-05-18,78.74,135372496.0,-1,0.8448767385308684,2.5917180104295334
139,2020-05-19,78.28,101729536.0,1,0.7922694254038403,4.448824695317592
140,2020-05-20,79.81,111504864.0,-1,0.8710187149265295,3.0588083404146387
141,2020-05-21,79.21,102688848.0,1,0.8039269756020819,4.321412350443351
142,2020-05-22,79.72,81803016.0,-1,0.8155107160027261,4.424749327090825
143,2020-05-26,79.18,125521816.0,1,0.7494592020067151,3.883624946917594
144,2020-05-27,79.53,112945096.0,-1,0.7713797221071121,3.3160763350008575
145,2020-05-28,79.56,133796416.0,1,0.7567719025626226,3.799286940541068
146,2020-05-29,79.48,153598128.0,-1,0.727018479973012,2.3094867927036193
147,2020-06-01,80.46,81018608.0,1,0.8329259830950441,5.378412030974415
148,2020-06-02,80.83,87642816.0,1,0.8739904716111441,5.971901587461544
149,2020-06-03,81.28,104491216.0,-1,0.9217665540462336,4.008978668599282
150,2020-06-04,80.58,87560368.0,1,0.7981455304458782,5.78416280753868
151,2020-06-05,82.88,137250208.0,1,1.109349951146079,4.690073999742135
152,2020-06-08,83.36,95654536.0,1,1.0673340493077172,7.729567241850402
153,2020-06-09,86.0,147712368.0,-1,1.198712784825143,4.00545877106242
154,2020-06-10,88.21,166651744.0,1,1.2002554578889546,4.550252675423547
155,2020-06-11,83.97,201662448.0,1,0.789576562702561,4.760281358877484
156,2020-06-12,84.7,200146048.0,1,0.8211455242039892,5.7963474752196955
157,2020-06-15,85.75,138808928.0,1,0.876358756585949,9.357647139238766
158,2020-06-16,88.02,165428736.0,-1,0.9943543041391476,6.85187023371804
159,2020-06-17,87.9,114406504.0,1,0.9268716884525877,10.9076205667468
160,2020-06-18,87.93,96820384.0,1,0.8796342922310103,13.888843076681043
161,2020-06-19,87.43,264475808.0,1,0.8083236007202103,6.0844844001762155
162,2020-06-22,89.72,135445264.0,-1,0.9220486785759139,10.880806168313127
163,2020-06-23,91.63,212155472.0,1,0.9842090835330473,7.946573897467043
164,2020-06-24,90.02,192623392.0,-1,0.839368852969784,7.752359298085666
165,2020-06-25,91.21,137522512.0,1,0.878587999275197,11.858482166178
166,2020-06-26,88.41,205256848.0,1,0.6712327497081606,8.945207538215728
167,2020-06-29,90.44,130646080.0,-1,0.7904818295809353,13.053732833009608
168,2020-06-30,91.2,140223280.0,1,0.8195375662527576,13.162167537373252
169,2020-07-01,91.03,110737232.0,-1,0.7841245387673471,15.666863264200066
170,2020-07-02,91.03,114041472.0,1,0.7731944294222292,16.212931239610796
171,2020-07-06,93.46,118655648.0,1,0.9513846376332952,16.582457094667756
172,2020-07-07,93.17,112424456.0,-1,0.8941368797063448,16.50154959166536
173,2020-07-08,95.34,117091880.0,1,1.0112606767347627,16.843777860599726
174,2020-07-09,95.68,125642608.0,-1,0.9628199531631706,14.697458429070496
175,2020-07-10,95.92,90257320.0,1,0.941159735918243,21.459581649444058
176,2020-07-13,95.48,191649136.0,1,0.8763748918564075,11.106407826435492
177,2020-07-14,97.06,170989360.0,1,0.9598486210204996,13.448338680254725
178,2020-07-15,97.72,153197936.0,-1,0.9498935999767962,14.010142329854888
179,2020-07-16,96.52,110577672.0,1,0.8209212210640359,20.410111003241234
180,2020-07-17,96.33,92186896.0,1,0.7793268689619414,25.481815289669804
181,2020-07-20,98.36,90317904.0,-1,0.9093720820340636,25.009122798066706
182,2020-07-21,97.0,103645840.0,-1,0.7679758152649242,20.79317136124325
183,2020-07-22,97.27,89001648.0,1,0.7630443214884074,25.214447265066372
184,2020-07-23,92.84,197004432.0,-1,0.37415606417758857,10.39125316733991
185,2020-07-24,92.61,185438864.0,1,0.3445678154025039,12.039341397173356
186,2020-07-27,94.81,121214192.0,-1,0.5150500080033992,17.418320125418976
187,2020-07-28,93.25,103625504.0,-1,0.3281451843407709,19.37478727244598
188,2020-07-29,95.04,90329256.0,1,0.5052280731084763,23.22670909633087
189,2020-07-30,96.19,158130016.0,-1,0.6225620819710322,12.267888064970537
190,2020-07-31,106.26,374295456.0,1,1.3927631860391076,6.182861039061078
191,2020-08-03,108.94,308151392.0,1,1.2676959472219627,8.509999474543992
192,2020-08-04,109.67,172792368.0,1,1.1337487280151288,16.176412097089845
193,2020-08-05,110.06,121991952.0,1,1.0384244679562042,23.91266355013321
194,2020-08-06,113.9,202428896.0,1,1.0753172163526163,15.410751437383722
195,2020-08-07,111.11,198045616.0,1,0.907211809771788,16.751832648494474
196,2020-08-10,112.73,212403424.0,1,0.9081671848326606,16.619461087406954
197,2020-08-11,109.38,187902368.0,-1,0.7652964263620212,17.786513855961623
198,2020-08-12,113.01,165944816.0,1,0.8454658920713712,21.139996852929713
199,2020-08-13,115.01,210082064.0,-1,0.8635285026767381,15.698583502111822
200,2020-08-14,114.91,165565216.0,1,0.8230729373506454,20.91958760226544
201,2020-08-17,114.61,119561440.0,1,0.7833684411127169,29.968838448248867
202,2020-08-18,115.56,105633536.0,-1,0.7808638261852671,32.920264488732066
203,2020-08-19,115.71,145538016.0,-1,0.7579703601600963,22.893990309720863
204,2020-08-20,118.28,126907184.0,1,0.8052458311918947,27.254982759683646
205,2020-08-21,124.37,338054656.0,1,0.943189122989336,11.231638732406632
206,2020-08-24,125.86,345937760.0,1,0.9421171574310304,11.975696229287026
207,2020-08-25,124.83,211495792.0,1,0.8908250522783664,20.58831184688535
208,2020-08-26,126.52,163022272.0,1,0.9272361222703356,27.710100813709676
209,2020-08-27,125.01,155552384.0,-1,0.8746533935052928,28.040786620152346
210,2020-08-28,124.81,187629920.0,1,0.8347700482954512,24.246885187607607
211,2020-08-31,129.03999,225702688.0,-1,0.9468421229931674,19.156787534581778
212,2020-09-01,134.17999,152470144.0,-1,1.0445406363399756,27.3579350459589
213,2020-09-02,131.39999,200118992.0,1,0.896364077420736,21.843940169356838
214,2020-09-03,120.88,257599648.0,1,0.5184326447069127,17.969694337470525
215,2020-09-04,120.96,332607168.0,-1,0.5039814270239363,12.917279545821454
216,2020-09-08,112.82,231366560.0,-1,0.2006909167925954,17.569579666136715
217,2020-09-09,117.32,176940448.0,1,0.34239468999184824,23.973905932463786
218,2020-09-10,113.49,182274384.0,-1,0.18646137777033783,22.272352169902273
219,2020-09-11,112.0,180860320.0,1,0.14310300587935068,23.44648948978969
220,2020-09-14,115.36,140150080.0,-1,0.2728445609655651,29.25713286785138
221,2020-09-15,115.54,184642032.0,-1,0.2765156038175874,21.207237797296337
222,2020-09-16,112.13,155026672.0,1,0.15902638050639953,26.25854054326858
223,2020-09-17,110.34,178010976.0,1,0.11916718788995445,23.868107593545243
224,2020-09-18,106.84,287104896.0,-1,0.053426856247974865,13.798720562396818
225,2020-09-21,110.08,195713808.0,-1,0.195733693358498,19.242211178068743
226,2020-09-22,111.81,183055376.0,-1,0.27530279004132147,19.57282613759456
227,2020-09-23,107.12,150718672.0,1,0.16391742920952743,24.772177663561155
228,2020-09-24,108.22,167743344.0,1,0.22705443593956223,23.257990278290862
229,2020-09-25,112.28,149981440.0,-1,0.3710198451036659,25.012372357539707
230,2020-09-28,114.96,137672000.0,1,0.4711395595710853,28.248762449880875
231,2020-09-29,114.09,100061000.0,1,0.4641733590829837,39.86692741427729
232,2020-09-30,115.81,142675008.0,1,0.575050661598886,28.9595191892332
233,2020-10-01,116.79,116120000.0,-1,0.7181372673127548,34.58215322080606
234,2020-10-02,113.02,144712000.0,1,0.4978904343970974,28.749458455414892
235,2020-10-05,116.5,106244000.0,1,0.8023667141047354,40.15883844734761
236,2020-10-06,113.16,161498000.0,-1,0.5260813286130623,25.4191236547821
237,2020-10-07,115.08,96849000.0,1,0.7018004419074105,43.38699038709744
238,2020-10-08,114.97,83477000.0,-1,0.6836616042955901,49.33705849515435
239,2020-10-09,116.97,100507000.0,1,0.8183747750842226,41.97734120011541
240,2020-10-12,124.4,240227008.0,-1,1.193484743434171,16.562624065983456
241,2020-10-13,121.1,262330000.0,1,0.9308367123085145,16.167116319140014
242,2020-10-14,121.19,151062000.0,1,0.8846440367120453,29.07535729700388
243,2020-10-15,120.71,112559000.0,-1,0.8211269398610335,38.021150010216864
244,2020-10-16,119.02,115394000.0,1,0.7102459586106261,38.08704632823197
245,2020-10-19,115.98,120639000.0,-1,0.5192192338210221,35.431142698464015
246,2020-10-20,117.51,124424000.0,-1,0.5955612122594373,33.353321095608564
247,2020-10-21,116.87,89946000.0,-1,0.5307660560287323,45.13827878949592
248,2020-10-22,115.75,101988000.0,1,0.41282670835761126,40.80867968780641
249,2020-10-23,115.04,82573000.0,-1,0.3347874016435045,49.40383205163916
250,2020-10-26,115.05,111851000.0,-1,0.3350906927317311,35.47193698759958
251,2020-10-27,116.6,92277000.0,-1,0.45761385177569075,41.99632220379943
252,2020-10-28,111.2,143938000.0,1,0.04149242558648998,27.92336022454112
253,2020-10-29,115.32,146128992.0,1,0.38275719746684017,28.504689993345057
254,2020-10-30,108.86,190572992.0,-1,-0.05670962269916031,20.85704056113051
255,2020-11-02,108.77,122867000.0,1,0.019546794958159662,33.35033511032255
256,2020-11-03,110.44,107624000.0,-1,0.15022137609060848,37.073809038876085
257,2020-11-04,114.95,138235008.0,-1,0.43227663512961795,27.86411829917932
258,2020-11-05,119.03,126387000.0,1,0.672397051055314,31.476208913891462
259,2020-11-06,118.69,114458000.0,1,0.6449199840331442,35.75671089832078
260,2020-11-09,116.32,154515008.0,1,0.5274878320260576,27.48701682104563
261,2020-11-10,115.97,138023008.0,-1,0.5222803935178821,29.7713669303599
262,2020-11-11,119.49,112295000.0,-1,0.7945014859835812,35.592311465336834
263,2020-11-12,119.21,103351000.0,-1,0.7878538900177015,37.672471635494574
264,2020-11-13,119.26,81689000.0,1,0.7895900953300395,48.66232437659905
265,2020-11-16,120.3,91183000.0,-1,0.8362575416564854,42.59558926554292
266,2020-11-17,119.39,74271000.0,1,0.7568287840149184,53.29488785663314
267,2020-11-18,118.03,76322000.0,1,0.6534840025478869,52.86269510757056
268,2020-11-19,118.64,74113000.0,-1,0.6840919447394553,53.438311983052905
269,2020-11-20,117.34,73604000.0,-1,0.5842832660066486,52.80785848595185
270,2020-11-23,113.85,127959000.0,1,0.3439997273463618,31.375898655037943
271,2020-11-24,115.17,113874000.0,-1,0.44126490441326294,34.256762878268965
272,2020-11-25,116.03,76499000.0,-1,0.4836405212761104,49.99353737957359
273,2020-11-27,116.59,46691000.0,1,0.5201004786214755,82.90991017540854
274,2020-11-30,119.05,169410000.0,1,0.6863157998628042,23.850756248155363
275,2020-12-01,122.72,128167000.0,1,0.9941806644181751,32.52571735314083
276,2020-12-02,123.08,89004000.0,1,1.022755631402312,47.83748613545458
277,2020-12-03,122.94,78968000.0,1,0.9468889046949897,54.9171261270388
278,2020-12-04,122.25,78260000.0,1,0.8422721137045506,56.41394858165091
279,2020-12-07,123.75,86712000.0,-1,0.9261684125516013,49.915163022419044
280,2020-12-08,124.38,82226000.0,-1,0.9216493115759785,51.63838221487121
281,2020-12-09,121.78,115089000.0,1,0.6821800932701605,37.893340075941225
282,2020-12-10,123.24,81312000.0,1,0.7817678850097652,54.63423130657222
283,2020-12-11,122.41,86940000.0,-1,0.696447710595601,50.097522613296526
284,2020-12-14,121.78,79076000.0,1,0.6337614971470937,56.079652688552784
285,2020-12-15,127.88,157572000.0,-1,1.0251171183971604,27.143036935496156
286,2020-12-16,127.81,98209000.0,-1,0.947992731174773,42.54980313413231
287,2020-12-17,128.7,94360000.0,1,0.9381298651230139,45.28543467571005
288,2020-12-18,126.655,192540992.0,-1,0.7834791897729908,21.193370729075706
289,2020-12-21,128.23,121252000.0,1,0.8379564657185086,34.65381704219312
290,2020-12-22,131.88,169352000.0,-1,0.9976991843841517,23.81130795030469
291,2020-12-23,130.96001,88224000.0,1,0.9098038095618395,46.70743362350381
292,2020-12-24,131.97,54930000.0,1,0.9325986127682164,76.01759737848171
293,2020-12-28,136.69,124486000.0,-1,1.1157782773676044,32.543102228363026
294,2020-12-29,134.87,121047000.0,1,0.9545042186030966,34.467666476657826
295,2020-12-30,133.72,96452000.0,1,0.8483215515694954,44.2568285157384
296,2020-12-31,132.69,99117000.0,-1,0.7646928486445979,42.06687676180675
297,2021-01-04,129.41,143302000.0,-1,0.5743231575890588,28.096192823547472
298,2021-01-05,131.00999,97665000.0,-1,0.6429748348126522,40.225010228843495
299,2021-01-06,126.6,155088000.0,-1,0.381624714325401,24.331267564221605
300,2021-01-07,130.92,109578000.0,1,0.6164897236926391,35.43654405081312
301,2021-01-08,132.05,105158000.0,-1,0.6645236395732033,35.926012514501984
302,2021-01-11,128.98,100621000.0,1,0.44650248623530087,38.54591610101271
303,2021-01-12,128.8,91951000.0,1,0.4014804968871713,43.1803854661722
304,2021-01-13,130.89,88637000.0,-1,0.5336304835833872,43.79483312837754
305,2021-01-14,128.91,90222000.0,-1,0.3381460268991019,42.025455254815896
306,2021-01-15,127.14,111599000.0,1,0.1755492861138357,34.97539963619746
307,2021-01-19,127.83,90757000.0,-1,0.2488176785261448,42.007367189307715
308,2021-01-20,132.03,104319000.0,-1,0.6234674036651834,35.546196033320875
309,2021-01-21,136.87,120530000.0,1,1.0078689591738916,31.765316717829585
310,2021-01-22,139.07001,114459000.0,1,1.0732609801482123,34.45017538157768
311,2021-01-25,142.92,157612000.0,1,1.1565407478384282,26.017972134101463
312,2021-01-26,143.16,98391000.0,1,1.0499803786102913,42.67804600014229
313,2021-01-27,142.06,140844000.0,1,0.944513230835982,30.814089517480333
314,2021-01-28,137.09,142620992.0,1,0.6929208516842236,31.43016012677853
315,2021-01-29,131.96001,177524000.0,-1,0.44871386288572307,24.250673801852145
316,2021-02-01,134.14,106240000.0,-1,0.5506804350848432,39.52218200301205
317,2021-02-02,134.99001,83305000.0,-1,0.5791509753859078,49.40317647200048
318,2021-02-03,133.94,89881000.0,1,0.5207684154307612,46.78867186613411
319,2021-02-04,137.39,84183000.0,1,0.670328459690085,50.95560405307485
320,2021-02-05,136.75999,75694000.0,-1,0.623759759165519,55.670219779639076
321,2021-02-08,136.91,71297000.0,1,0.6189748627148489,60.10349125489151
322,2021-02-09,136.00999,76774000.0,-1,0.5566810985091523,54.81575293719228
323,2021-02-10,135.39,73047000.0,1,0.5065175419352873,58.61255925636919
324,2021-02-11,135.13,64280000.0,-1,0.47971207766372964,65.60659016801493
325,2021-02-12,135.37,60145000.0,-1,0.47334122630622394,69.11707732978635
326,2021-02-16,133.19,80576000.0,-1,0.30028993811607846,50.59162301429706
327,2021-02-17,130.84,98085000.0,1,0.09690367620349122,42.56059148697558
328,2021-02-18,129.71001,96857000.0,-1,0.04572120721347031,42.100195298223156
329,2021-02-19,129.87,87669000.0,-1,0.10912616120097847,45.512434452314956
330,2021-02-22,126.0,103916000.0,-1,-0.035777892813495846,37.39668208937989
331,2021-02-23,125.86,158272992.0,1,0.01336955638896107,25.5532327840242
332,2021-02-24,125.35,111040000.0,-1,0.02597563292269609,35.42279005763689
333,2021-02-25,120.99,148200000.0,-1,-0.12162726896300298,25.54080032388664
334,2021-02-26,121.26,164560000.0,-1,-0.01216444460110251,22.001620126397665
335,2021-03-01,127.79,116308000.0,-1,0.3253884911781337,30.129299858995083
336,2021-03-02,125.12,102261000.0,1,0.22346181776718127,35.26798689627522
337,2021-03-03,122.06,112966000.0,1,0.1256110323132437,32.92588573553105
338,2021-03-04,120.13,178155008.0,-1,0.09492410303780498,19.877917773717595
339,2021-03-05,121.42,153767008.0,-1,0.18281180336636385,22.030626959978306
340,2021-03-08,116.36,154376992.0,-1,0.0316953391593704,20.94357817258157
341,2021-03-09,121.085,129526000.0,1,0.24968867147077872,25.961834689560398
342,2021-03-10,119.98,111943000.0,-1,0.22732708403552265,29.03968626890471
343,2021-03-11,121.96,103027000.0,1,0.3342971349323008,32.55279295718598
344,2021-03-12,121.03,88105000.0,-1,0.30893584317601575,37.06613245559276
345,2021-03-15,123.99,92591000.0,1,0.4876468484096917,36.27029192902118
346,2021-03-16,125.57,115228000.0,-1,0.617318727579837,28.144848474329155
347,2021-03-17,124.76,111933000.0,1,0.5921483644396638,29.97335548944458
348,2021-03-18,120.53,121470000.0,1,0.29756167372207387,28.6200510414094
349,2021-03-19,119.99,185550000.0,-1,0.2672922783907796,17.73606898410132
350,2021-03-22,123.39,111912000.0,-1,0.5902104256882447,28.406387161341055
351,2021-03-23,122.54,95467000.0,-1,0.5270566406756796,32.29962814375648
352,2021-03-24,120.09,88530000.0,1,0.3070131894550343,35.83055009601265
353,2021-03-25,120.59,98845000.0,-1,0.360039633141367,31.091442156912336
354,2021-03-26,121.21,94071000.0,-1,0.4226417535597885,31.669298721178684
355,2021-03-29,121.39,80819000.0,1,0.4679060614820263,37.8621561761467
356,2021-03-30,119.9,85672000.0,1,0.31035018565361816,36.717405920253995
357,2021-03-31,122.15,118324000.0,1,0.5944161444354397,27.585085020790373
358,2021-04-01,123.0,75089000.0,-1,0.6831392568404592,42.46811916525723
359,2021-04-05,125.9,88651000.0,1,0.9696192545844162,36.97126484754825
360,2021-04-06,126.21,80171000.0,1,0.9866366291598792,41.881860024198275
361,2021-04-07,127.9,83467000.0,1,1.0638309782868312,41.22800148561707
362,2021-04-08,130.36,88845000.0,1,1.14336474749453,39.73237210872868
363,2021-04-09,132.995,106687000.0,1,1.1614518548313795,34.08765454085315
364,2021-04-12,131.24001,91420000.0,1,0.960627454269197,40.78024064756071
365,2021-04-13,134.42999,91267000.0,1,1.0485642351935904,41.84860464351847
366,2021-04-14,132.03,87223000.0,-1,0.871627112566715,42.788869908166426
367,2021-04-15,134.5,89347000.0,1,0.9369315916265384,42.7716722441716
368,2021-04-16,134.16,84922000.0,-1,0.8731926332282355,44.00036033065637
369,2021-04-19,134.84,94264000.0,1,0.8623560934894088,40.639720359840446
370,2021-04-20,133.11,94812000.0,-1,0.7562656667666708,39.40482850272117
371,2021-04-21,133.5,68847000.0,1,0.7477365718934806,55.265989803477275
372,2021-04-22,131.94,84566000.0,-1,0.6581722473448052,43.99323132228082
373,2021-04-23,134.32001,78757000.0,1,0.7464333208921481,48.238107088893685
374,2021-04-26,134.72,66905000.0,-1,0.743378648416488,55.783328600254094
375,2021-04-27,134.39,66016000.0,1,0.7071871884367152,57.53453102278235
376,2021-04-28,133.58,107760000.0,1,0.64747629316864,36.24684112843356
377,2021-04-29,133.48,151100992.0,-1,0.6233005150276967,24.849993096008266
378,2021-04-30,131.46001,109839000.0,-1,0.4256703236395025,33.18511282877667
379,2021-05-03,132.53999,75135000.0,-1,0.49493659523062233,47.51293815132761
380,2021-05-04,127.85,137564992.0,-1,-0.09651306959284542,24.95053113513066
381,2021-05-05,128.10001,84001000.0,1,-0.0734042502733841,41.86046137545981
382,2021-05-06,129.74001,78128000.0,-1,0.14310970458225153,44.007175609256606
383,2021-05-07,130.21001,78973000.0,1,0.22672849562697958,44.536305015638256
384,2021-05-10,126.85,88071000.0,1,-0.060242212835082014,40.935570346652135
385,2021-05-11,125.91,126143000.0,1,-0.042930350871241904,29.58055235724535
386,2021-05-12,122.77,112172000.0,-1,-0.13812828982364608,32.26480419355989
387,2021-05-13,124.97,105861000.0,-1,0.08385273476115959,33.1882999027026
388,2021-05-14,127.45,81918000.0,-1,0.2804119725625424,41.888579018042435
389,2021-05-17,126.27,74245000.0,1,0.22611190864612937,47.21763911374504
390,2021-05-18,124.85,63343000.0,1,0.16566099931147016,56.34429401828142
391,2021-05-19,124.69,92612000.0,-1,0.18918111577408864,37.53730203429361
392,2021-05-20,127.31,76857000.0,-1,0.3803692584941271,44.23211439426467
393,2021-05-21,125.43,79295000.0,-1,0.27529385969765885,41.872156075414594
394,2021-05-24,127.1,63093000.0,1,0.41262376280740415,53.624738338642956
395,2021-05-25,126.9,72009000.0,-1,0.4182024880558334,45.98503820355789
396,2021-05-26,126.85,56576000.0,1,0.4358343995744262,59.528998444570135
397,2021-05-27,125.28,94626000.0,-1,0.3027023681631447,34.59183116690973
398,2021-05-28,124.61,71311000.0,-1,0.2502238602823286,44.90156660262792
399,2021-06-01,124.28,67637000.0,-1,0.20873316280689536,46.340591924538344
400,2021-06-02,125.06,59279000.0,-1,0.3357177146711664,51.87435037703065
401,2021-06-03,123.54,76229000.0,-1,0.16168261354592814,39.339760668511985
402,2021-06-04,125.89,75169000.0,1,0.5122971808251555,40.894512578323514
403,2021-06-07,125.9,71058000.0,-1,0.5608360875438602,42.26042973345717
404,2021-06-08,126.74,74404000.0,1,0.7307350931416657,41.35994860491371
405,2021-06-09,127.13,56878000.0,1,0.7867831369064257,55.10432181159675
406,2021-06-10,126.11,71186000.0,1,0.5658235958368036,45.028651925940494
407,2021-06-11,127.35,53522000.0,1,0.8101584053236244,60.88957094278988
408,2021-06-14,130.48,96906000.0,-1,1.2415869341734882,32.62982287990424
409,2021-06-15,129.64,62746000.0,1,1.006126801043667,51.39405884040417
410,2021-06-16,130.14999,91815000.0,1,0.9932772876262017,36.122492141806894
411,2021-06-17,131.78999,96722000.0,-1,1.080640434258067,33.28988871197866
412,2021-06-18,130.46001,108953000.0,1,0.8798682655765622,30.552785292740907
413,2021-06-21,132.3,79663000.0,1,0.9933097890758323,42.7862447560348
414,2021-06-22,133.98,74784000.0,-1,1.0437331545121087,44.57767190842961
415,2021-06-23,133.7,60214000.0,1,0.9475963238830492,56.36414481682001
416,2021-06-24,133.41,68711000.0,1,0.8755819748848428,50.39399246117798
417,2021-06-25,133.11,70784000.0,-1,0.8171418902543085,47.91813991862568
418,2021-06-28,134.78,62111000.0,-1,0.8911384330252321,53.609290077442
419,2021-06-29,136.33,64556000.0,-1,0.9434185234101227,50.578886795960095
420,2021-06-30,136.96001,63261000.0,1,0.9301815654925015,52.61427445029323
421,2021-07-01,137.27,52486000.0,1,0.9137956891282883,64.41560827649278
422,2021-07-02,139.96001,78946000.0,1,1.0126931918324147,43.825698781445546
423,2021-07-06,142.02,108182000.0,1,1.0465206854591258,32.981878833817085
424,2021-07-07,144.57001,104912000.0,1,1.0763729984549548,35.00989034619491
425,2021-07-08,143.24001,105575000.0,1,0.9457591021556366,35.79003188254795
426,2021-07-09,145.11,99891000.0,1,0.97835579136615,38.8265571072469
427,2021-07-12,144.5,76300000.0,-1,0.9043800383737864,49.83124005242464
428,2021-07-13,145.64,100827000.0,1,0.905925449699675,38.709379590784216
429,2021-07-14,149.14999,127051000.0,-1,0.9924297641303855,29.719558413550462
430,2021-07-15,148.48,106820000.0,1,0.9121227940425151,36.34824579666729
431,2021-07-16,146.39,93251000.0,1,0.7922947054000895,42.63729735874146
432,2021-07-19,142.45,121435000.0,-1,0.604261736482073,31.741554049491498
433,2021-07-20,146.14999,96350000.0,-1,0.7491784430966394,39.00555906590555
434,2021-07-21,145.39999,74993000.0,-1,0.6927270560897405,49.113818836424734
435,2021-07-22,146.8,77338000.0,1,0.7379448866951522,48.624616824846775
436,2021-07-23,148.56,71447000.0,-1,0.8027109026202981,51.63384909093454
437,2021-07-26,148.99001,72434000.0,1,0.8085326420370533,51.93027605820471
438,2021-07-27,146.77,104819000.0,1,0.6634029648740021,36.8858376439386
439,2021-07-28,144.98,118931000.0,1,0.5226617329361278,33.50907346276412
440,2021-07-29,145.64,56699000.0,-1,0.5456829449035117,69.28814645760949
441,2021-07-30,145.86,70441000.0,-1,0.5351925114415764,54.771051177581235
442,2021-08-02,145.52,62880000.0,1,0.46251113015961737,62.35699134860051
443,2021-08-03,147.36,64787000.0,1,0.6821513189383704,61.52151845277602
444,2021-08-04,146.95,56368000.0,-1,0.608576134451933,69.71023658813512
445,2021-08-05,147.06,46398000.0,1,0.604802669214749,85.68956886072675
446,2021-08-06,146.14,54127000.0,-1,0.45253495468355964,72.45362972268923
447,2021-08-09,146.09,48909000.0,1,0.42928345887125813,81.183557545646
448,2021-08-10,145.60001,69023000.0,-1,0.3489605710083837,56.52584813757733
449,2021-08-11,145.86,48493000.0,-1,0.411864547290102,79.45663530818881
450,2021-08-12,148.89,73779000.0,-1,0.9398291716626193,51.224760650049475
451,2021-08-13,149.10001,59375000.0,1,0.9181796663434587,64.65156405894737
452,2021-08-16,151.12,103559000.0,1,1.1670246048984794,38.067629235508264
453,2021-08-17,150.19,92230000.0,1,0.9466003046888821,43.743636734251325
454,2021-08-18,146.36,86326000.0,1,0.37533322922607515,47.73534758937053
455,2021-08-19,146.7,86960000.0,-1,0.4270854276486928,46.387323091076354
456,2021-08-20,148.19,60550000.0,-1,0.6541698829556315,65.6200101734104
457,2021-08-23,149.71001,60132000.0,1,0.8678468380792979,67.07615938269142
458,2021-08-24,149.62,48606000.0,1,0.819585332228857,83.98201078056206
459,2021-08-25,148.36,58991000.0,1,0.6238137086167342,70.19749819463986
460,2021-08-26,147.53999,48597000.0,-1,0.48923429155862996,84.21144548017368
461,2021-08-27,148.60001,55802000.0,-1,0.6321983045345448,72.33829640514676
462,2021-08-30,153.12,90957000.0,-1,1.153556397142096,43.37944980595226
463,2021-08-31,151.83,86453000.0,1,0.921721601606838,46.63941813470903
464,2021-09-01,152.50999,80314000.0,1,0.936419429025079,51.20441785989989
465,2021-09-02,153.64999,71171000.0,-1,0.9799788005564467,56.78240597996375
466,2021-09-03,154.3,57866000.0,1,0.9718077210681493,70.8382576296962
467,2021-09-07,156.69,82278000.0,1,1.0758976566895662,50.820445513989156
468,2021-09-08,155.11,74420000.0,1,0.8968847453933977,57.1865710292932
469,2021-09-09,154.07001,57306000.0,1,0.7834934058942115,75.26490447771612
470,2021-09-10,148.97,140892992.0,-1,0.3431513041497574,29.612811572629532
471,2021-09-13,149.55,102404000.0,-1,0.39084410410416703,39.742916526698174
472,2021-09-14,148.12,109296000.0,-1,0.28420428733307296,36.23680303030303
473,2021-09-15,149.03,83281000.0,1,0.36736465970452004,48.55631685498493
474,2021-09-16,148.78999,68034000.0,-1,0.32939648869874216,58.43820184025634
475,2021-09-17,146.06,129869000.0,1,0.0981531818229979,31.61380794492912
476,2021-09-20,142.94,123479000.0,-1,-0.06645754312016608,32.249812713092915
477,2021-09-21,143.42999,75834000.0,-1,0.0408605336166601,51.51173120236306
478,2021-09-22,145.85001,76404000.0,-1,0.22871465408724792,50.12743605046856
479,2021-09-23,146.83,64838000.0,1,0.3014840978164231,60.06932083037725
480,2021-09-24,146.92,53478000.0,1,0.310494167729104,73.82947425109391
481,2021-09-27,145.37,74151000.0,1,0.2278655358871634,54.246114334263865
482,2021-09-28,141.91,108972000.0,1,0.07171355592742538,37.912267591674926
483,2021-09-29,142.83,74602000.0,-1,0.16626607906955057,54.378885606284015
484,2021-09-30,141.5,89057000.0,-1,0.13569817895113256,44.552552006018615
485,2021-10-01,142.64999,94640000.0,1,0.22716965886736987,42.92430921386306
486,2021-10-04,139.14,98322000.0,-1,0.08081322674651165,40.31686320457273
487,2021-10-05,141.11,80861000.0,1,0.20214148717251448,50.02282464970752
488,2021-10-06,142.0,83221000.0,-1,0.26871720382493036,47.60426603862006
489,2021-10-07,143.28999,61733000.0,1,0.37477641597634187,65.17434150292388
490,2021-10-08,142.89999,58773000.0,1,0.3617846771630244,69.45673394245657
491,2021-10-11,142.81,64452000.0,1,0.3733787154277137,64.33675640786942
492,2021-10-12,141.50999,73036000.0,-1,0.2749520468139874,55.77518790733337
493,2021-10-13,140.91,78763000.0,-1,0.23393570261055655,50.719673247590876
494,2021-10-14,143.75999,69907000.0,-1,0.5704437841657299,56.14497294977613
495,2021-10-15,144.84,67940000.0,-1,0.7179552323847539,56.77048313217545
496,2021-10-18,146.55,85589000.0,1,0.8857293642450054,46.06404589374803
497,2021-10-19,148.75999,76379000.0,1,1.0368075055048493,52.618581337802276
498,2021-10-20,149.25999,58419000.0,1,1.0152505986230127,69.7953341207484
499,2021-10-21,149.48,61421000.0,1,0.9858377962073286,67.38403191090995
500,2021-10-22,148.69,58883000.0,1,0.8937362318628035,71.28844698809503
501,2021-10-25,148.64,50721000.0,1,0.857245438033676,83.76015110112182
502,2021-10-26,149.32001,60893000.0,-1,0.8645136762693162,68.76825947153203
503,2021-10-27,148.85001,56095000.0,-1,0.7966615900490654,73.6502473304216
504,2021-10-28,152.57001,100078000.0,1,0.9852886437530062,42.281906353044626
505,2021-10-29,149.8,124953000.0,-1,0.7702091032769065,32.864642097428636
506,2021-11-01,148.96001,74588000.0,1,0.6955005212648493,56.05625065694213
507,2021-11-02,150.02,69122000.0,-1,0.7467306764172794,59.48904290963803
508,2021-11-03,151.49001,54512000.0,-1,0.8213379432340195,74.43296199002054
509,2021-11-04,150.96001,60395000.0,1,0.7557524115974754,68.1825419985098
510,2021-11-05,151.28,65464000.0,1,0.7543151400715447,63.903040205303675
511,2021-11-08,150.44,55021000.0,-1,0.67093874184962,75.03185372857637
512,2021-11-09,150.81,56788000.0,1,0.6857306345767729,73.69718292597028
513,2021-11-10,147.92,65187000.0,-1,0.3564634719306009,63.20169088928774
514,2021-11-11,147.87,41000000.0,1,0.28877876405055475,101.486064
515,2021-11-12,149.99001,63804000.0,-1,0.5734798492081149,64.214228324243
516,2021-11-15,150.0,59223000.0,-1,0.5509982831448624,68.1813083430424
517,2021-11-16,151.0,59256000.0,1,0.7349694199756118,69.14333778857838
518,2021-11-17,153.49001,88807000.0,1,1.0963408023620946,47.13552562298017
519,2021-11-18,157.87,137828000.0,1,1.3337273519603994,31.370930609165047
520,2021-11-19,160.55,117306000.0,1,1.27034088118833,37.85909181116055
521,2021-11-22,161.02,117468000.0,1,1.1295392345999085,38.80688037593217
522,2021-11-23,161.41,96042000.0,1,1.0401409076409098,48.46430336727682
523,2021-11-24,161.94,69464000.0,1,0.985652689652455,68.0074948750432
524,2021-11-26,156.81,76960000.0,1,0.6933635703185256,62.38348004158004
525,2021-11-29,160.24001,88748000.0,1,0.8359876337332611,55.09736133772029
526,2021-11-30,165.3,174048000.0,-1,1.0040317482072938,27.094437304651592
527,2021-12-01,164.77,152423008.0,1,0.9185315328349072,31.93845664035183
528,2021-12-02,163.75999,136739008.0,1,0.8342559897495677,36.6018059747808
529,2021-12-03,161.84,118023000.0,-1,0.7289344248778944,41.40609576099574
530,2021-12-06,165.32001,107497000.0,-1,0.8360215215472302,44.46053973599263
531,2021-12-07,171.17999,120405000.0,-1,0.9918935612150185,38.69415422947552
532,2021-12-08,175.08,116999000.0,1,1.0346352882282501,40.820593680287864
533,2021-12-09,174.56,108924000.0,1,0.9581788752199975,44.84679813447909
534,2021-12-10,179.45,115403000.0,1,1.0363986034483001,43.32899179397416
535,2021-12-13,175.74001,153236992.0,-1,0.8807260092087119,31.631126301408997
536,2021-12-14,174.33,139380000.0,1,0.8107068619289254,35.77585484287559
537,2021-12-15,179.3,131063000.0,-1,0.9299291289283019,37.04612017121537
538,2021-12-16,172.25999,150186000.0,-1,0.6794874138914851,31.329082923841103
539,2021-12-17,171.14,195923008.0,1,0.6218047006762351,25.015503314444825
540,2021-12-20,169.75,107499000.0,-1,0.5559378271085502,44.59216975041628
541,2021-12-21,172.99001,91186000.0,-1,0.6584655577988133,51.56962314390367
542,2021-12-22,175.64,92135000.0,-1,0.7355519381322322,50.038450708199925
543,2021-12-23,176.28,68357000.0,1,0.7359238062519228,68.44433863393654
544,2021-12-27,180.33,74920000.0,1,0.8751907433599831,63.448607261078486
545,2021-12-28,179.28999,79144000.0,1,0.8098433795617068,61.062287172748405
546,2021-12-29,179.38,62349000.0,1,0.784971333500987,78.51068430929125
547,2021-12-30,178.2,59773000.0,-1,0.7101204526344616,80.89421069713751
548,2021-12-31,177.57001,64062000.0,1,0.6619722320280548,76.47828129000031
549,2022-01-03,182.00999,104701000.0,-1,0.9006578711450007,45.79374271496929
550,2022-01-04,179.7,99310000.0,-1,0.7546193327652375,47.27963604873628
551,2022-01-05,174.92,94538000.0,1,0.3862997226291035,50.666172925172944
552,2022-01-06,172.0,96904000.0,-1,0.18574692845829277,48.429111863287375
553,2022-01-07,172.17,86709000.0,-1,0.21548352512824986,53.123270433288354
554,2022-01-10,172.19,106766000.0,-1,0.2439839664564548,42.143563081879996
555,2022-01-11,175.08,76138000.0,1,0.4536728570711433,60.09663579290236
556,2022-01-12,175.53,74805000.0,1,0.48154429996078724,62.167537677962706
557,2022-01-13,172.19,84506000.0,1,0.26586168862373155,56.03091681064066
558,2022-01-14,173.07001,80441000.0,1,0.32485173623818553,59.86237933392176
559,2022-01-18,169.8,91169000.0,-1,0.10235567893060392,51.81827875703364
560,2022-01-19,166.23,94815000.0,1,-0.08095858715776127,50.82566741549333
561,2022-01-20,164.50999,91421000.0,-1,-0.07109380000578105,51.71256774701655
562,2022-01-21,162.41,122849000.0,-1,-0.05917467403722371,37.483135035694225
563,2022-01-24,161.62,162707008.0,-1,-0.0011423139644595767,27.300966950360245
564,2022-01-25,159.78,115798000.0,-1,0.0045081405377670365,37.360409057151244
565,2022-01-26,159.69,108275000.0,-1,0.06418050145177125,38.956228566151005
566,2022-01-27,159.22,121955000.0,-1,0.09829118439058708,33.58641013488582
567,2022-01-28,170.33,179936000.0,-1,0.5122390815234964,21.76381962475547
568,2022-01-31,174.78,115542000.0,-1,0.6866067602895404,32.89325654740268
569,2022-02-01,174.61,86214000.0,1,0.7102800980094566,45.08277829586842
570,2022-02-02,175.84,84914000.0,1,0.7812990382200646,46.77297793061215
571,2022-02-03,172.89999,89418000.0,-1,0.6614808799490536,43.41701500816391
572,2022-02-04,172.39,82465000.0,1,0.6381429017361072,48.07770142484691
573,2022-02-07,171.66,77251000.0,-1,0.6076970993152703,50.322670878046885
574,2022-02-08,174.83,74829000.0,-1,0.7362360241908456,50.95147132796109
575,2022-02-09,176.28,71285000.0,-1,0.7926159617456671,52.48457105983026
576,2022-02-10,172.12,90866000.0,1,0.6261800245771004,42.17450584376995
577,2022-02-11,168.64,98671000.0,1,0.4827133133922437,39.838449473502855
578,2022-02-14,168.88,86186000.0,-1,0.502391821200538,44.6094916575778
579,2022-02-15,172.78999,64286000.0,-1,0.6670852724418235,58.80639094048471
580,2022-02-16,172.55,61177000.0,1,0.6423775373421794,62.79491717475522
581,2022-02-17,168.88,69589000.0,1,0.47196169597177984,56.20419388121686
582,2022-02-18,167.3,82773000.0,-1,0.3864787432152698,46.252046536914214
583,2022-02-22,164.32001,91163000.0,-1,0.23384553130087588,40.99533415969198
584,2022-02-23,160.07001,90009000.0,-1,0.02755105704079492,40.520932884489326
585,2022-02-24,162.74001,141148000.0,-1,0.12974602400194848,24.839888967608466
586,2022-02-25,164.85001,91974000.0,-1,0.19174474712213102,37.120562854719815
587,2022-02-28,165.12,95057000.0,1,0.2302106484629146,36.9166252669451
588,2022-03-01,163.2,83474000.0,1,0.16449961053059578,43.039241536286745
589,2022-03-02,166.56,79725000.0,1,0.3616202198713303,46.06312509250549
590,2022-03-03,166.23,76678000.0,-1,0.3628089139292972,46.89356331672709
591,2022-03-04,163.17,83820000.0,1,0.21725036843533138,43.8979318539728
592,2022-03-07,159.3,96419000.0,-1,0.06216595168744298,37.161821300780964
593,2022-03-08,157.44,131148000.0,-1,0.03786864388178869,26.321084942202702
594,2022-03-09,162.95,91455000.0,-1,0.3305443112763172,36.74487614673883
595,2022-03-10,158.52,105342000.0,-1,0.11805054832585003,30.90088139583452
596,2022-03-11,154.73,96970000.0,1,-0.015363903080980689,34.568739280189746
597,2022-03-14,150.62,108732000.0,-1,-0.08972741108459685,29.82929264613913
598,2022-03-15,155.09,92964000.0,-1,0.15557400933110596,33.88875960586894
599,2022-03-16,159.59,102300000.0,-1,0.3753778473392052,29.79603761485826
600,2022-03-17,160.62,75615000.0,1,0.44841898780303535,41.31124311313893
601,2022-03-18,163.98,123512000.0,1,0.65446650411466,26.291061985879914
602,2022-03-21,165.38,95811000.0,1,0.7479355767122764,34.8923677657054
603,2022-03-22,168.82001,81532000.0,1,0.9129175369932994,42.003196879752736
604,2022-03-23,170.21001,98063000.0,1,0.9265595600025568,35.9224952122615
605,2022-03-24,174.07001,90131000.0,1,1.0236964186650177,40.08386291065227
606,2022-03-25,174.72,80546000.0,1,0.9790146445220437,45.85385553596703
607,2022-03-28,175.60001,90372000.0,1,0.9507834755899135,41.86824069402027
608,2022-03-29,178.96001,100589000.0,1,0.9888373771475901,38.61561053395501
609,2022-03-30,177.77,92633000.0,1,0.9010849494410925,42.93220178554079
610,2022-03-31,174.61,103049000.0,1,0.7801200667740785,39.59269520325282
611,2022-04-01,174.31,78751000.0,-1,0.7480697095278919,50.80870907036101
612,2022-04-04,178.44,76546000.0,-1,0.8304179440967645,51.2723153136676
613,2022-04-05,175.06,73402000.0,-1,0.7116962112081731,52.46844293071033
614,2022-04-06,171.83,89059000.0,1,0.6063194869471247,44.24423862832504
615,2022-04-07,172.14,77595000.0,-1,0.5984747797802292,49.78094784457762
616,2022-04-08,170.09,76576000.0,-1,0.5159236920321875,49.4433849770163
617,2022-04-11,165.75,72247000.0,1,0.32338890166704526,53.4060050659543
618,2022-04-12,167.66,79265000.0,-1,0.3503177515512181,47.6775203179209
619,2022-04-13,170.39999,70619000.0,-1,0.44278733815900817,52.514757331596314
620,2022-04-14,165.28999,75329000.0,1,0.1380787290876627,50.23123429223805
621,2022-04-18,165.07001,69024000.0,1,0.11499814619692286,55.81960836810385
622,2022-04-19,167.39999,67724000.0,-1,0.23456985828451984,55.89109692280432
623,2022-04-20,167.23,67930000.0,-1,0.23371794372001367,54.72160529957309
624,2022-04-21,166.42,87228000.0,1,0.207785951218816,43.61519979822992
625,2022-04-22,161.78999,84882000.0,-1,0.02991743942343643,43.82065276501496
626,2022-04-25,162.88,96046000.0,-1,0.13253038199112085,37.72711667326073
627,2022-04-26,156.8,95623000.0,-1,-0.04836857000894984,36.894007174006255
628,2022-04-27,156.57001,88063000.0,1,0.0089001643946308,41.06127031784064
629,2022-04-28,163.64,130217000.0,-1,0.3228418336251399,26.768867720804504
630,2022-04-29,157.64999,131748000.0,-1,0.10804534064142174,25.457795549078543
631,2022-05-02,157.96001,123055000.0,1,0.15848843197412005,28.256215903457804
632,2022-05-03,159.48,88967000.0,-1,0.23736034422533692,38.08267838636798
633,2022-05-04,166.02,108257000.0,1,0.5738340893830953,32.29683667568841
634,2022-05-05,156.77,130525000.0,1,0.1300490235408911,27.78688870331354
635,2022-05-06,157.28,116125000.0,1,0.18257181641413062,32.23258254467169
636,2022-05-09,152.06,131578000.0,-1,-0.018663829108491268,27.447070543707916
637,2022-05-10,154.50999,115367000.0,1,0.14978228366103513,32.303844669619565
638,2022-05-11,146.5,142690000.0,-1,-0.09978206021842655,25.118141761861377
639,2022-05-12,142.56,182602000.0,1,-0.12716267021753186,20.62797586006725
640,2022-05-13,147.11,113991000.0,-1,0.09918128924444998,32.04392143239379
641,2022-05-16,145.53999,86644000.0,-1,0.09756805742062094,41.15777951156456
642,2022-05-17,149.24001,78336000.0,1,0.24880875769599733,46.52280749591503
643,2022-05-18,140.82001,109743000.0,-1,0.020676975922917937,32.208593240571155
644,2022-05-19,137.35001,136096000.0,1,-0.01473828986963546,26.97187020926405
645,2022-05-20,137.59,137426000.0,-1,0.058718960459897274,25.710838182003407
646,2022-05-23,143.11,117726000.0,-1,0.24862449329713956,29.01323112991183
647,2022-05-24,140.36,104133000.0,1,0.19904342086587615,33.80047293365216
648,2022-05-25,140.52,92483000.0,1,0.23219464612424764,39.05828798806267
649,2022-05-26,143.78,90602000.0,-1,0.3456174997463038,38.869182225557935
650,2022-05-27,149.64,90979000.0,1,0.5389498781268082,39.70811558711351
651,2022-05-31,148.84,103718000.0,1,0.5291931969369058,35.83102882816869
652,2022-06-01,148.71001,74287000.0,1,0.5454666775481275,51.02655441732739
653,2022-06-02,151.21001,72348000.0,-1,0.6957957522436675,51.394117985293306
654,2022-06-03,145.38,88570000.0,-1,0.46584126976548224,40.98105055887998
655,2022-06-06,146.14,71598000.0,1,0.5317880502097901,51.695433503729156
656,2022-06-07,148.71001,67808000.0,-1,0.6861352105090768,53.58485205285512
657,2022-06-08,147.96001,53950000.0,1,0.6813722643760314,68.34905742354032
658,2022-06-09,142.64,69473000.0,1,0.3620762130035615,54.07719039051142
659,2022-06-10,137.13,91567000.0,-1,0.07049021444102015,40.02902408072777
660,2022-06-13,131.88,122207000.0,-1,-0.0854639291725489,28.99286168550083
661,2022-06-14,132.75999,84784000.0,-1,0.03619167070501488,40.79008595961502
662,2022-06-15,135.42999,91533000.0,-1,0.1890843881598218,36.7825117498607
663,2022-06-16,130.06,107962000.0,1,0.027265280686584185,32.185173005316685
664,2022-06-17,131.56,134520000.0,1,0.11836280201668849,26.830922152839726
665,2022-06-21,135.87,81000000.0,-1,0.2863386859888055,43.5592055308642
666,2022-06-22,135.35001,73409000.0,1,0.28539053203028036,49.06352964895313
667,2022-06-23,138.27,72434000.0,1,0.3968359590453368,50.723950741364554
668,2022-06-24,141.66,89117000.0,-1,0.5186812905897027,40.228257773488785
669,2022-06-27,141.66,70208000.0,1,0.5226399772062469,52.062865314494076
670,2022-06-28,137.44,67315000.0,1,0.3858937014962815,55.300373586867714
671,2022-06-29,139.23,66242000.0,-1,0.47119040763485526,55.19613912623411
672,2022-06-30,136.72,98964000.0,1,0.3897336241944736,37.94578481063821
673,2022-07-01,138.92999,71052000.0,-1,0.5089851500790623,51.852370770703146
674,2022-07-05,141.56,73430000.0,1,0.6465653042871071,51.173153316083344
675,2022-07-06,142.92,74064000.0,1,0.7292167646013524,51.735102721970186
676,2022-07-07,146.35001,66254000.0,1,0.9280853039019212,58.83361982672744
677,2022-07-08,147.03999,64548000.0,1,0.9762652543584516,61.38858908099399
678,2022-07-11,144.87,63305000.0,1,0.8433740392101124,63.59396016112471
679,2022-07-12,145.86,77589000.0,-1,0.8529709248139179,50.88642266300636
680,2022-07-13,145.49001,71186000.0,1,0.8041858396443318,56.46352721040654
681,2022-07-14,148.47,78141000.0,-1,0.9048984348940825,50.43794740277191
682,2022-07-15,150.17,76260000.0,1,0.926359840343841,52.68203052714398
683,2022-07-18,147.07001,81421000.0,1,0.7662766589270134,50.34269596295796
684,2022-07-19,151.0,82982000.0,-1,0.9347745587094071,48.39568397965824
685,2022-07-20,153.03999,64823000.0,1,0.9753577397800911,62.95286623574966
686,2022-07-21,155.35001,65087000.0,1,1.0169467996831196,63.697522516017024
687,2022-07-22,154.09,66675000.0,1,0.9045190599578153,63.180437165354334
688,2022-07-25,152.95,53624000.0,-1,0.8150743550167513,77.55728121736536
689,2022-07-26,151.60001,55139000.0,-1,0.7298218914777024,74.42631618273818
690,2022-07-27,156.78999,78621000.0,-1,0.9187494024133683,51.197156586662594
691,2022-07-28,157.35001,81379000.0,1,0.8989870611434705,50.46204362304771
692,2022-07-29,162.50999,101787000.0,1,1.0579012090052913,41.34454938253412
693,2022-08-01,161.50999,67829000.0,1,0.9656303897581194,63.043339102743666
694,2022-08-02,160.00999,59907000.0,-1,0.8651934808743796,70.38008326239004
695,2022-08-03,166.13,82507000.0,-1,1.0419129129430436,50.10184163767923
696,2022-08-04,165.81,55474000.0,1,0.9577589882119396,75.51693852976169
697,2022-08-05,165.35001,56697000.0,-1,0.8896470744515804,72.88797728274865
698,2022-08-08,164.87,60362000.0,-1,0.8380908611539886,67.46243742752063
699,2022-08-09,164.92,63136000.0,-1,0.8101891860436504,63.498347187024834
700,2022-08-10,169.24001,70171000.0,1,0.9281930872161608,58.13231460289863
701,2022-08-11,168.49001,57149000.0,1,0.861447072776865,72.37837316488478
702,2022-08-12,172.10001,68039000.0,-1,0.9383352048534465,59.793833654227726
703,2022-08-15,173.19,54092000.0,1,0.9369353000907085,76.21098587591511
704,2022-08-16,173.03,56377000.0,1,0.8891356806005722,74.122100289125
705,2022-08-17,174.55,79542000.0,-1,0.89777078353858,51.53553654673003
706,2022-08-18,174.14999,62290000.0,1,0.8443284699600432,66.80895244822604
707,2022-08-19,171.52,70346000.0,-1,0.7286756339224871,58.15801393114036
708,2022-08-22,167.57001,69027000.0,-1,0.5620446627642123,58.269324293392444
709,2022-08-23,167.23,54147000.0,-1,0.519800352125037,73.282169797034
710,2022-08-24,167.53,53842000.0,-1,0.5094267074068588,72.6972929683147
711,2022-08-25,170.03,51218000.0,1,0.6239195586764598,77.42171986411027
712,2022-08-26,163.62,78961000.0,1,0.22730403730629636,51.21954696622383
713,2022-08-29,161.38,73314000.0,-1,0.0906499994398234,54.16472499113403
714,2022-08-30,158.91,77906000.0,-1,-0.04264819892613672,49.9721028932303
715,2022-08-31,157.22,87991000.0,-1,-0.039087017005535754,43.24460056142105
716,2022-09-01,157.96001,74230000.0,-1,0.05953632658847001,50.261425946382865
717,2022-09-02,155.81,76958000.0,1,0.02897648227811663,49.47976361132046
718,2022-09-06,154.53,73715000.0,-1,0.041493388852745554,50.65656444414298
719,2022-09-07,155.96001,87450000.0,-1,0.13717554276375515,41.70038476843911
720,2022-09-08,154.46001,84924000.0,1,0.129422243336044,43.940731100748906
721,2022-09-09,157.37,68081000.0,-1,0.25641209992682507,53.81151346190567
722,2022-09-12,163.42999,104956000.0,1,0.4806336477704461,35.90549990472198
723,2022-09-13,153.84,122657000.0,1,0.172661725326666,31.723869391881426
724,2022-09-14,155.31,87965000.0,-1,0.24941314221718533,43.23526002387313
725,2022-09-15,152.37,90481000.0,1,0.16647187474730174,43.03301961737824
726,2022-09-16,150.7,162279008.0,-1,0.1257056265288804,22.99368036560835
727,2022-09-19,154.48,81474000.0,-1,0.2981317324268501,44.79855708569605
728,2022-09-20,156.89999,107690000.0,1,0.4258512996825798,34.892818646113845
729,2022-09-21,153.72,101697000.0,1,0.2938175579925659,37.94905100445441
730,2022-09-22,152.74001,86653000.0,-1,0.2607303296437929,43.537461368908176
731,2022-09-23,150.42999,96030000.0,-1,0.10891364902434195,38.286177652816825
732,2022-09-26,150.77,93339000.0,-1,0.15091452628335197,38.38998317959267
733,2022-09-27,151.75999,84443000.0,1,0.2455319197288276,43.43433606101157
734,2022-09-28,149.84,146691008.0,1,0.1335694671205982,26.00307067219826
735,2022-09-29,142.48,128138000.0,-1,-0.19736636969766566,28.76803639825813
736,2022-09-30,138.2,124925000.0,-1,-0.20662813159013343,28.50793394436662
737,2022-10-03,142.45,114312000.0,-1,0.06668212379097031,30.15467884386591
738,2022-10-04,146.10001,87830000.0,1,0.25491616496160036,40.246745394512125
739,2022-10-05,146.39999,79471000.0,1,0.2899421438987601,45.48001973046772
740,2022-10-06,145.42999,68402000.0,1,0.27041605674689806,53.83972176252156
741,2022-10-07,140.09,85926000.0,-1,0.09300105227476499,41.85949128319717
742,2022-10-10,140.42,74899000.0,-1,0.12144235780824632,47.02225193927823
743,2022-10-11,138.98,77034000.0,1,0.10802629733856728,46.719028584780744
744,2022-10-12,138.34,70434000.0,-1,0.12410478211543391,50.09682323877673
745,2022-10-13,142.99001,113224000.0,-1,0.3412960764556037,30.164061047127817
746,2022-10-14,138.38,88598000.0,1,0.1791689430780704,39.54822510666155
747,2022-10-17,142.41,85251000.0,-1,0.36688158808309107,40.100909643288645
748,2022-10-18,143.75,99137000.0,1,0.44886837127190976,35.48402360369993
749,2022-10-19,143.86,61758000.0,1,0.47668924876476215,57.9607119401535
750,2022-10-20,143.39,64522000.0,1,0.47418084803726307,56.47778506555903
751,2022-10-21,147.27,86549000.0,-1,0.7252439507532341,41.10400637788998
752,2022-10-24,149.45,75982000.0,1,0.8757705911135883,47.82043968308284
753,2022-10-25,152.34,74732000.0,1,1.0507069347817433,49.62030519723813
754,2022-10-26,149.35001,88436000.0,1,0.8666908058595171,42.93116658374418
755,2022-10-27,144.8,109180000.0,-1,0.5689333632918148,33.77432357574647
756,2022-10-28,155.74001,164762000.0,-1,1.1187064071678992,21.380649955693666
757,2022-10-31,153.34,97943000.0,1,0.9221954926988823,36.967028251125654
758,2022-11-01,150.64999,80379000.0,-1,0.7641159884759613,44.044870525883624
759,2022-11-02,145.03,93605000.0,-1,0.4864574453987372,36.8215121841782
760,2022-11-03,138.88,97919000.0,-1,0.20624245334028957,34.19927335859231
761,2022-11-04,138.38,140815008.0,-1,0.19179043684583216,22.781262349535925
762,2022-11-07,138.92,83375000.0,-1,0.2247300502431161,37.47608563718141
763,2022-11-08,139.5,89908000.0,1,0.24933602831859134,35.752954575788586
764,2022-11-09,134.87,74918000.0,1,0.061432792060997304,43.90659974905897
765,2022-11-10,146.87,118854000.0,-1,0.589947702288368,26.675927103841687
766,2022-11-11,149.7,93980000.0,1,0.6951474299867418,34.736333688018725
767,2022-11-14,148.28,73374000.0,1,0.6171889940976707,45.49151797639491
768,2022-11-15,150.03999,89868000.0,-1,0.6813835869350474,36.14219343926648
769,2022-11-16,148.78999,64218000.0,1,0.6134871938026126,51.578134479429444
770,2022-11-17,150.72,80389000.0,-1,0.682872678753803,40.20270982348331
771,2022-11-18,151.28999,74830000.0,1,0.6962401961572606,44.189304289723374
772,2022-11-21,148.00999,58724000.0,1,0.5547844914004513,57.30893059055923
773,2022-11-22,150.17999,51804000.0,-1,0.6582995169911389,63.96428152266234
774,2022-11-23,151.07001,58301000.0,1,0.6926547547789905,57.83617159225399
775,2022-11-25,148.11,35196000.0,1,0.5532801011189349,96.8036890555745
776,2022-11-28,144.22,69347000.0,-1,0.3986253587933178,48.131218942420006
777,2022-11-29,141.17,83764000.0,-1,0.2758736500893592,38.847137672508474
778,2022-11-30,148.03,111381000.0,-1,0.6214592530467936,28.21496161822932
779,2022-12-01,148.31,71250000.0,1,0.6264485700724156,45.106816
780,2022-12-02,147.81,65447000.0,1,0.5833758826187885,50.10630953290449
781,2022-12-05,146.63,68393000.0,-1,0.5002254940660426,46.94800111122483
782,2022-12-06,142.91,64523000.0,-1,0.2651153963581108,48.76387706709235
783,2022-12-07,140.94,69514000.0,-1,0.13235326498493974,44.26270449118163
784,2022-12-08,142.64999,61909000.0,-1,0.13214626191326387,48.700005491931705
785,2022-12-09,142.16,76097000.0,1,0.13429161717730953,40.62007227617383
786,2022-12-12,144.49001,70306000.0,-1,0.32728575720059255,42.96588683753876
787,2022-12-13,145.47,93732000.0,1,0.41123480295398135,33.227623863781844
788,2022-12-14,143.21001,82291000.0,1,0.2658590061436183,38.84729362870788
789,2022-12-15,136.5,97253000.0,-1,-0.09208887700097812,31.870786916598973
790,2022-12-16,134.50999,160156992.0,-1,-0.08873187481017114,18.353071016718395
791,2022-12-19,132.37,79148000.0,-1,-0.08680892329818819,36.13767433163188
792,2022-12-20,132.3,77083000.0,-1,0.0014403628841283148,36.105777512551406
793,2022-12-21,135.45,85748000.0,-1,0.17974389557795525,31.457219387041096
794,2022-12-22,132.23,77586000.0,1,0.07893966391263821,35.76649972933261
795,2022-12-23,131.86,63815000.0,-1,0.11031145079480466,42.484755120269526
796,2022-12-27,130.03,68750000.0,-1,0.08884509719579209,38.435122152727274
797,2022-12-28,126.04,84904000.0,-1,0.012032636466180226,30.12238113634222
798,2022-12-29,129.61,75476000.0,-1,0.17806176195228274,32.88508463617574
799,2022-12-30,129.92999,77034000.0,1,0.21648359245239657,33.219989199574215
800,2023-01-03,125.07,111678000.0,1,0.07818412202041465,23.914706996901806
801,2023-01-04,126.36,88463000.0,-1,0.15908273091777175,29.19055026395216
802,2023-01-05,125.02,79973000.0,1,0.14779495266929166,33.2894432871094
803,2023-01-06,129.62,87755000.0,-1,0.34103561785001657,29.337378474161017
804,2023-01-09,130.14999,70503000.0,1,0.3801478319287614,37.51619999148972
805,2023-01-10,130.73,63428000.0,1,0.42233286478299636,42.70089941350823
806,2023-01-11,133.49001,69120000.0,1,0.5720267596129809,40.18450011574074
807,2023-01-12,133.41,71249000.0,1,0.6204584574428761,39.98374219989052
808,2023-01-13,134.75999,57810000.0,-1,0.7867740779667015,48.27870001729804
809,2023-01-17,135.94,63420000.0,1,0.8834440399026172,45.00806761274046
810,2023-01-18,135.21001,69673000.0,1,0.8206335197274368,41.96869157349332
811,2023-01-19,135.27,58072000.0,-1,0.8032062219965269,49.352745694999314
812,2023-01-20,137.87,80224000.0,1,0.9350177170851975,36.7251277423215
813,2023-01-23,141.11,81571000.0,1,1.0611858096939761,37.118677569234166
814,2023-01-24,142.53,63709000.0,1,1.0358211646188804,48.52558740523317
815,2023-01-25,141.86,64691000.0,1,0.9355799018049991,48.788976024485635
816,2023-01-26,143.96001,53650680.0,-1,0.9587658700863096,57.82884705282393
817,2023-01-27,145.92999,70555840.0,1,0.9723659792531216,44.97307108809136
818,2023-01-30,143.0,62979440.0,1,0.8161713653510209,51.38331252230887
819,2023-01-31,144.28999,65874460.0,-1,0.8289724332396424,48.125142703257076
820,2023-02-01,145.42999,76769112.0,1,0.8424503147425618,42.29548597618271
821,2023-02-02,150.82001,104478776.0,1,0.9902251430477153,32.077956923997654
822,2023-02-03,154.5,154357344.0,1,1.0557525087508093,22.712382379422127
823,2023-02-06,151.73,68016528.0,1,0.9060789750924143,52.543692733036885
824,2023-02-07,154.64999,83025608.0,-1,0.9540571141886849,42.04502711982549
825,2023-02-08,151.92,63470076.0,1,0.82713270983435,55.99936600044405
826,2023-02-09,150.87,54899716.0,-1,0.7631767751636535,63.741391667672744
827,2023-02-10,151.00999,57450708.0,-1,0.7453661438040029,59.91107354151319
828,2023-02-13,153.85001,61859640.0,1,0.8238659677966119,56.64102202987279
829,2023-02-14,153.2,61707572.0,1,0.773088375760906,57.78060436408031
830,2023-02-15,155.33,65474540.0,-1,0.8337133627036698,53.456294064838026
831,2023-02-16,153.71001,66835116.0,1,0.7497987132795075,53.36807345408064
832,2023-02-17,152.55,59144120.0,-1,0.6781084750346874,59.30796265123228
833,2023-02-21,148.48,58867232.0,-1,0.44399049524546325,58.586923672579
834,2023-02-22,148.91,51011304.0,-1,0.4467539836102789,66.6095249005985
835,2023-02-23,149.39999,48394248.0,1,0.44840599160709294,71.2116235797279
836,2023-02-24,146.71001,55469608.0,1,0.2483732010252576,63.12830946993532
837,2023-02-27,147.92,44998472.0,-1,0.32105542515702196,76.8182552509783
838,2023-02-28,147.41,50547000.0,1,0.2424230060593408,69.3859399766554
839,2023-03-01,145.31,55220312.0,-1,0.0568642977279324,62.51378652116272
840,2023-03-02,145.91,52088840.0,-1,0.09905215832866601,65.27198447882502
841,2023-03-03,151.03,70495008.0,1,0.525890861711587,49.229542097505686
842,2023-03-06,153.83,87558032.0,1,0.7660071554576835,40.63584933019052
843,2023-03-07,151.60001,56182028.0,1,0.5779094073993081,64.32977150629023
844,2023-03-08,152.87,47204792.0,-1,0.6994621669077098,75.56377394905161
845,2023-03-09,150.59,53450820.0,1,0.5057654499778066,67.73372329928708
846,2023-03-10,148.5,68572400.0,-1,0.3341177664512077,51.79708821625027
847,2023-03-13,150.47,84457120.0,-1,0.5079287615457644,41.05507661165808
848,2023-03-14,152.59,73366184.0,1,0.7026395726794561,48.261467653817185
849,2023-03-15,152.99001,75963328.0,1,0.7401142047997566,47.611434875523095
850,2023-03-16,155.85001,76022360.0,1,0.9851609941720191,48.57446419711253
851,2023-03-17,155.0,98944632.0,1,0.89246022167767,38.321331429076416
852,2023-03-20,157.39999,73465472.0,-1,1.0152424214140532,50.61186517660977
853,2023-03-21,159.28,73756016.0,1,1.0418381303002875,51.412491965401166
854,2023-03-22,157.83,69165056.0,1,0.8911789934209138,55.8250923125111
855,2023-03-23,158.92999,67221360.0,-1,0.9032727498508013,56.4392668639849
856,2023-03-24,160.25,59256344.0,1,0.9248615857956272,65.02562189796927
857,2023-03-27,158.28,50423836.0,1,0.7829154776072299,77.41585658020941
858,2023-03-28,157.64999,45580856.0,-1,0.724222403594779,84.64131520478685
859,2023-03-29,160.77,51305692.0,-1,0.8801576917970109,74.19679492871863
860,2023-03-30,162.36,46805552.0,1,0.9467394158060769,82.33047780314608
861,2023-03-31,164.89999,68749792.0,1,1.0154845336494251,57.05141990829587
862,2023-04-03,166.17,54967516.0,1,0.9965864970974657,72.35620339838533
863,2023-04-04,165.63,44434716.0,1,0.9120675314815129,90.5075095787717
864,2023-04-05,163.75999,51300372.0,-1,0.7870273531826103,77.39466513030354
865,2023-04-06,164.66,45390124.0,-1,0.802534699758179,86.4722243984176
866,2023-04-10,162.03,47026288.0,1,0.6522977339826376,84.46363608371556
867,2023-04-11,160.8,46305048.0,-1,0.5600981658156516,84.77922813080768
868,2023-04-12,160.10001,49399816.0,-1,0.4907137250232233,78.46803340320135
869,2023-04-13,165.56,67159104.0,-1,0.8537844042936624,56.718256812955694
870,2023-04-14,165.21001,49386480.0,1,0.7994668334044754,78.12935418762382
871,2023-04-17,165.23,41516216.0,-1,0.7825497609514984,91.94040160114785
872,2023-04-18,166.47,48412624.0,1,0.850438033850294,79.84343496853218
873,2023-04-19,167.63,47238652.0,1,0.8954020518569691,82.8276989783705
874,2023-04-20,166.64999,52456376.0,1,0.790484707920318,75.58900416605219
875,2023-04-21,165.02,58337340.0,-1,0.6360567502890432,66.96890677566033
876,2023-04-24,165.33,38992356.0,-1,0.644502818377928,99.19368627020127
877,2023-04-25,163.77,48166168.0,1,0.47858673467081636,81.30108452887512
878,2023-04-26,163.75999,44105780.0,-1,0.43530962637876824,87.78568060694086
879,2023-04-27,168.41,64221432.0,-1,0.9513229557552112,59.28915574476757
880,2023-04-28,169.67999,55275852.0,1,1.0118900231885086,69.88422966325331
881,2023-05-01,169.59,49385856.0,1,0.9363172750581907,79.21896082959461
882,2023-05-02,168.53999,48425696.0,-1,0.8064379657910132,79.7896739780467
883,2023-05-03,167.45,59441524.0,-1,0.6886455971623263,64.00288411178691
884,2023-05-04,165.78999,70384064.0,-1,0.5199780848704327,53.05241976365559
885,2023-05-05,173.57001,113453168.0,-1,1.1086667917082456,31.912654391457803
886,2023-05-08,173.5,55962792.0,1,1.013980538437446,65.69641007189205
887,2023-05-09,171.77,45326872.0,-1,0.8545682240607921,80.11202846735155
888,2023-05-10,173.55499,53724500.0,-1,0.9596338688556174,66.58978976072369
889,2023-05-11,173.75,49514676.0,1,0.9149087317363113,73.25136967472028
890,2023-05-12,172.57001,45533136.0,1,0.7938881156599404,80.65666665261097
891,2023-05-15,172.07001,37184776.0,-1,0.7323875237896341,97.76490776763049
892,2023-05-16,172.07001,42110292.0,-1,0.7106051625047203,85.32963637487957
893,2023-05-17,172.69,57951604.0,1,0.7336046475246655,63.00442534774361
894,2023-05-18,175.05,65090328.0,1,0.8600624062073472,57.09447087130979
895,2023-05-19,175.16,52683464.0,1,0.833119427687693,71.54011930574649
896,2023-05-22,174.2,43309400.0,-1,0.74218690575958,86.02455587008825
897,2023-05-23,171.56,49178496.0,-1,0.5264324688440304,74.75815047292215
898,2023-05-24,171.84,43490928.0,1,0.5196791861264666,85.53471960865033
899,2023-05-25,172.99001,55920324.0,1,0.6150689322148758,67.52293953089399
900,2023-05-26,175.42999,54834976.0,1,0.8276630125128718,69.85942023572692
901,2023-05-30,177.3,55769852.0,1,0.9469895515956275,69.68835929491081
902,2023-05-31,177.25,99314872.0,-1,0.8980919437377394,38.13320740120372
903,2023-06-01,180.09,65296428.0,1,1.080108585098133,59.00002738281488
904,2023-06-02,180.95,61996912.0,1,1.12827159909694,63.14004723332027
905,2023-06-05,179.58,121323992.0,-1,0.9315407016294257,31.264747371649293
906,2023-06-06,179.21001,64342720.0,-1,0.8551122759701328,57.95249625754087
907,2023-06-07,177.82001,61944616.0,-1,0.7161591048790528,59.196050613987175
908,2023-06-08,180.57001,50214880.0,1,0.8936560666012927,74.02370580194555
909,2023-06-09,180.96001,48899972.0,1,0.87522630598479,77.0141847115986
910,2023-06-12,183.78999,53565380.0,1,0.999074915175652,71.30644561841996
911,2023-06-13,183.31,54648548.0,-1,0.9123189592835766,68.89310779126282
912,2023-06-14,183.95,56522808.0,1,0.9049786591018455,67.60865659752785
913,2023-06-15,186.00999,65278560.0,1,0.9681034340936144,59.54037092729987
914,2023-06-16,184.92,101256224.0,-1,0.8570031739304885,37.38489647806736
915,2023-06-20,185.00999,48964548.0,1,0.8246836200092824,78.31008671825174
916,2023-06-21,183.96001,49358728.0,-1,0.7397520238388272,76.68470046472835
917,2023-06-22,187.0,50844684.0,1,0.886494739374248,75.44355976329797
918,2023-06-23,186.67999,53116996.0,-1,0.8492218993991842,71.21613127368875
919,2023-06-26,185.27,47504500.0,-1,0.7442199065734114,78.63007630856025
920,2023-06-27,188.06,49726580.0,1,0.9152310988000792,76.11641580820559
921,2023-06-28,189.25,50900576.0,1,0.9505612403309589,75.36082923698152
922,2023-06-29,189.59,45451648.0,1,0.9316529567612255,85.39539125181996
923,2023-06-30,193.97,85213216.0,1,1.1066612027528866,46.54881796739135
924,2023-07-03,192.46001,31458198.0,-1,0.942145415121148,125.09032723361967
925,2023-07-05,191.33,46585296.0,-1,0.8383534802153105,83.4712091557817
926,2023-07-06,191.81,44995624.0,1,0.8349906195346318,87.42020357357417
927,2023-07-07,190.67999,46815000.0,-1,0.7509528125484477,83.0227835095589
928,2023-07-10,188.61,59095880.0,-1,0.5926087493217453,64.76958681383542
929,2023-07-11,188.08,46416508.0,-1,0.5313961807245086,81.46238019456354
930,2023-07-12,189.77,59771148.0,1,0.6473530752881823,64.26127820064625
931,2023-07-13,190.53999,41342336.0,1,0.6906770855096065,93.9064668721187
932,2023-07-14,190.69,41616240.0,1,0.6835998161041328,94.28840630484638
933,2023-07-17,193.99001,49842864.0,1,0.9245461628346258,79.72599267168917
934,2023-07-18,193.73,48204488.0,-1,0.8635256490317996,81.43572278996096
935,2023-07-19,195.10001,80507320.0,1,0.9311448170790061,49.76037759050978
936,2023-07-20,193.13,59581196.0,-1,0.7483730404577602,66.2372310552477
937,2023-07-21,191.94,71951680.0,-1,0.6181321708197005,53.84921889245672
938,2023-07-24,192.75,44861352.0,1,0.6777200357690624,87.3670307127614
939,2023-07-25,193.62,37283200.0,1,0.7610392476898072,106.12518018839584
940,2023-07-26,194.5,47471868.0,1,0.8369066665728533,84.34802241192615
941,2023-07-27,193.22,47460180.0,-1,0.6590146909754739,83.36879476647582
942,2023-07-28,195.83,48291444.0,1,0.932698055444909,82.93372734930021
943,2023-07-31,196.45,38586820.0,1,0.956167632647357,104.79164310508095
944,2023-08-01,195.605,34728056.0,-1,0.8271435931080472,115.43543393272574
945,2023-08-02,192.58,48896616.0,-1,0.49443620240803615,80.98620972052545
946,2023-08-03,191.17,52602668.0,-1,0.3458808484162588,74.28043250581891
947,2023-08-04,181.99001,115956840.0,-1,-0.2801875012426042,32.696579951644075
948,2023-08-07,178.85001,97576072.0,-1,-0.24305213446905397,37.855756460456824
949,2023-08-08,179.8,67602768.0,1,-0.07476434176404635,55.640011456335635
950,2023-08-09,178.19,57796844.0,-1,-0.044076409648974336,64.0800030880579
951,2023-08-10,177.97,52604356.0,-1,0.026081221064544722,69.40523301910586
952,2023-08-11,177.78999,52036672.0,-1,0.07949883938821785,69.16239597336279
953,2023-08-14,179.46001,43675628.0,1,0.17742786416556267,83.40249949010465
954,2023-08-15,177.45,43372424.0,-1,0.15026149488626647,82.98554210389533
955,2023-08-16,176.57001,45598920.0,-1,0.1606158845604598,77.9335387329349
956,2023-08-17,174.0,61247068.0,-1,0.12522664595969782,57.02212765515567
957,2023-08-18,174.49001,61114200.0,1,0.17793249410899456,58.14609910626336
958,2023-08-21,175.84,46311900.0,1,0.24573769019116395,77.7308689559271
959,2023-08-22,177.23,42084200.0,1,0.30878266667865517,86.53956663070701
960,2023-08-23,181.12,52722800.0,1,0.44634088453773185,70.07729540160993
961,2023-08-24,176.38,54945800.0,-1,0.3138505653792655,66.24210458306186
962,2023-08-25,178.61,51449600.0,1,0.4089433036149364,71.7435126803707
963,2023-08-28,180.19,43820700.0,1,0.49679034099351743,85.23359348435785
964,2023-08-29,184.12,53003900.0,1,0.7356099561970901,71.46643228139816
965,2023-08-30,187.64999,60813900.0,1,0.9991352841813008,63.28838522114188
966,2023-08-31,187.87,60794500.0,1,1.0836587634932822,64.30858103940324
967,2023-09-01,189.46001,45732600.0,1,1.0744651591879957,86.48842685524112
968,2023-09-05,189.7,45280000.0,1,0.9961536039260724,88.35292910777385
969,2023-09-06,182.91,81755800.0,-1,0.6326528947718832,47.933783658162476
970,2023-09-07,177.56,112488800.0,-1,0.357534559428834,33.83782234320217
971,2023-09-08,178.17999,65551300.0,1,0.38890027870860766,59.067132612167875
972,2023-09-11,179.36,58953100.0,1,0.44551723770173796,66.67809546911019
973,2023-09-12,176.3,90370200.0,-1,0.2979338003209001,42.497529384686544
974,2023-09-13,174.21001,84267900.0,-1,0.2077720015972311,44.57500815850401
975,2023-09-14,175.74001,60895800.0,1,0.2872683308340118,62.683110001018136
976,2023-09-15,175.00999,109205100.0,-1,0.24590308841342515,33.95384492116211
977,2023-09-18,177.97,67257600.0,1,0.38178556309643497,56.1303202909411
978,2023-09-19,179.07001,51826900.0,1,0.4285867177875104,73.84230061994833
979,2023-09-20,175.49001,58436200.0,-1,0.24927413801548437,64.49052693364729
980,2023-09-21,173.92999,63047900.0,-1,0.19922105987766475,58.77330458270617
981,2023-09-22,174.78999,56725400.0,1,0.24929406982025645,66.32405994492767
982,2023-09-25,176.08,46172700.0,1,0.32087062043632847,82.48232245461062
983,2023-09-26,171.96001,64588900.0,-1,0.15923763430163035,57.9641800680922
984,2023-09-27,170.42999,66921800.0,-1,0.13486934264363154,54.94354350899109
985,2023-09-28,170.69,56294400.0,1,0.1759553854404717,66.31592538511823
986,2023-09-29,171.21001,51814200.0,1,0.22056643536024015,73.05004091542473
987,2023-10-02,173.75,52164500.0,1,0.3585420986907335,73.55948834935636
988,2023-10-03,172.39999,49594600.0,-1,0.2654462113190656,76.37120432466438
989,2023-10-04,173.66,53020300.0,1,0.38359819486481156,72.43677666855902
990,2023-10-05,174.91,48527900.0,1,0.5148900851609506,80.14250626958925
991,2023-10-06,177.49001,57224100.0,1,0.7738033820519342,68.96345473323302
992,2023-10-09,178.99001,42390800.0,1,0.9296260443082449,94.09500245336253
993,2023-10-10,178.39,43698000.0,-1,0.8443428699272664,90.28020573023937
994,2023-10-11,179.8,47551100.0,1,0.9188225691997507,83.9647354109579
995,2023-10-12,180.71001,56743100.0,1,0.9379675551912904,71.36301382899418
996,2023-10-13,178.85001,51427100.0,-1,0.7628069725384857,77.73978174931116
997,2023-10-16,178.72,52517000.0,-1,0.7469711808513956,75.12642630005521
998,2023-10-17,177.14999,57515400.0,-1,0.6348841067349448,67.5975326608178
999,2023-10-18,175.78101,46374930.0,-1,0.523796653013921,82.8362263835223
